Query#,Query,Type,Side,Call#,Model,A2_SP_fixed,B1_USER_md,B1_MEMORY_md,B1_privacy,B1_DEVICE_INFO,B1_total,C2_in_SP,C2_in_UM,C2_total,A1_Tools,SP_total,C1_Query,UAT_history,input,cache_read,actual,hit_pct
Q1,明天有哪些日程,task,before,1,ZhipuAI/GLM-5/Cluster-1,29890,21,0,0,371,392,3434,0,3434,5086,33716,22,9825,50677,29568,21109,58.3
Q1,明天有哪些日程,task,after,1,deepseek-ai/DeepSeek-V4-Flash-0731,28883,394,0,306,268,968,0,6864,6864,5944,29851,26,10864,51403,0,51403,0.0
Q2,看一些备忘录里中秋出行的信息,task,before,1,ZhipuAI/GLM-5/Cluster-1,29890,21,0,0,383,404,3637,0,3637,5086,33931,22,9825,50677,29568,21109,58.3
Q2,看一些备忘录里中秋出行的信息,task,after,1,deepseek-ai/DeepSeek-V4-Flash-0731,28883,394,0,306,268,968,0,6864,6864,5718,29851,26,10864,51403,0,51403,0.0
Q2,看一些备忘录里中秋出行的信息,task,before,2,ZhipuAI/GLM-5/Cluster-1,29890,21,0,0,383,404,3637,0,3637,5086,33931,22,10047,50858,29568,21290,58.1
Q2,看一些备忘录里中秋出行的信息,task,after,2,deepseek-ai/DeepSeek-V4-Flash-0731,28883,394,0,306,268,968,0,6864,6864,5718,29851,26,11115,51646,49152,2494,95.2
Q2,看一些备忘录里中秋出行的信息,task,before,3,ZhipuAI/GLM-5/Cluster-1,29890,21,0,0,383,404,3637,0,3637,5086,33931,27,11617,52552,29568,22984,56.3
Q3,我有哪些闹钟,task,before,1,ZhipuAI/GLM-5/Cluster-1,29890,21,0,0,540,561,2542,0,2542,5086,32993,22,94,50677,29568,21109,58.3
Q3,我有哪些闹钟,task,after,1,deepseek-ai/DeepSeek-V4-Flash-0731,28883,394,0,306,268,968,0,6864,6864,5718,29851,26,10864,51403,0,51403,0.0
Q3,我有哪些闹钟,task,before,2,ZhipuAI/GLM-5/Cluster-1,29890,21,0,0,540,561,2542,0,2542,5086,32993,22,172,50858,29568,21290,58.1
Q3,我有哪些闹钟,task,after,2,deepseek-ai/DeepSeek-V4-Flash-0731,28883,394,0,306,268,968,0,6864,6864,5718,29851,26,11115,51646,49152,2494,95.2
Q3,我有哪些闹钟,task,before,3,ZhipuAI/GLM-5/Cluster-1,29890,21,0,0,540,561,2542,0,2542,5086,32993,27,1270,52552,29568,22984,56.3
Q3,我有哪些闹钟,task,after,3,deepseek-ai/DeepSeek-V4-Flash-0731,28883,394,0,306,268,968,0,5869,5869,5718,29851,31,12572,58446,4096,54350,7.0
Q3,我有哪些闹钟,task,before,4,ZhipuAI/GLM-5/Cluster-1,29890,21,0,0,540,561,2542,0,2542,5086,32993,51,1285,52609,52480,129,99.8
Q3,我有哪些闹钟,task,after,4,deepseek-ai/DeepSeek-V4-Flash-0731,28883,394,0,306,268,968,0,0,0,5718,29851,169,12587,58621,57344,1277,97.8
Q3,我有哪些闹钟,task,after,5,deepseek-ai/DeepSeek-V4-Flash-0731,28883,394,0,306,268,968,0,5447,5447,5718,29851,26,14453,65621,57344,8277,87.4
Q4,越野路线推荐,qa,before,1,deepseek-ai/DeepSeek-V4-Flash/Cluster-3,28654,14,9,0,235,258,3585,0,3585,5806,32497,27,10650,49798,26624,23174,53.5
Q4,越野路线推荐,qa,after,1,deepseek-ai/DeepSeek-V4-Flash-0731,28883,394,0,306,268,968,0,6864,6864,5944,29851,26,10864,51403,0,51403,0.0
Q4,越野路线推荐,qa,after,2,deepseek-ai/DeepSeek-V4-Flash-0731,28883,394,0,306,268,968,0,6864,6864,5944,29851,26,11115,51646,49152,2494,95.2
Q4,越野路线推荐,qa,after,3,deepseek-ai/DeepSeek-V4-Flash-0731,28883,394,0,306,268,968,0,5869,5869,5944,29851,31,12572,58446,4096,54350,7.0
Q4,越野路线推荐,qa,after,4,deepseek-ai/DeepSeek-V4-Flash-0731,28883,394,0,306,268,968,0,0,0,5944,29851,169,12587,58621,57344,1277,97.8
Q4,越野路线推荐,qa,after,5,deepseek-ai/DeepSeek-V4-Flash-0731,28883,394,0,306,268,968,0,5447,5447,5944,29851,26,14453,65621,57344,8277,87.4
Q4,越野路线推荐,qa,after,6,deepseek-ai/DeepSeek-V4-Flash-0731,28883,394,0,306,268,968,0,0,0,5944,29851,167,14468,65794,65536,258,99.6
Q5,大兴安岭穿越路线,qa,before,1,deepseek-ai/DeepSeek-V4-Flash/Cluster-3,28654,14,9,0,496,519,3079,0,3079,5806,32252,27,202,49798,26624,23174,53.5
Q5,大兴安岭穿越路线,qa,after,1,deepseek-ai/DeepSeek-V4-Flash-0731,28883,394,0,306,268,968,0,6864,6864,5944,29851,26,10864,51403,0,51403,0.0
Q5,大兴安岭穿越路线,qa,before,2,deepseek-ai/DeepSeek-V4-Flash/Cluster-3,28654,14,9,0,496,519,3079,0,3079,5806,32252,27,284,49902,49152,750,98.5
Q5,大兴安岭穿越路线,qa,after,2,deepseek-ai/DeepSeek-V4-Flash-0731,28883,394,0,306,268,968,0,6864,6864,5944,29851,26,11115,51646,49152,2494,95.2
Q5,大兴安岭穿越路线,qa,before,3,deepseek-ai/DeepSeek-V4-Flash/Cluster-3,28654,14,9,0,496,519,3079,0,3079,5806,32252,34,9738,54729,24576,30153,44.9
Q5,大兴安岭穿越路线,qa,after,3,deepseek-ai/DeepSeek-V4-Flash-0731,28883,394,0,306,268,968,0,5869,5869,5944,29851,31,12572,58446,4096,54350,7.0
Q5,大兴安岭穿越路线,qa,before,4,deepseek-ai/DeepSeek-V4-Flash/Cluster-3,28654,14,9,0,496,519,3079,0,3079,5806,32252,34,9889,54846,53248,1598,97.1
Q5,大兴安岭穿越路线,qa,after,4,deepseek-ai/DeepSeek-V4-Flash-0731,28883,394,0,306,268,968,0,0,0,5944,29851,169,12587,58621,57344,1277,97.8
Q5,大兴安岭穿越路线,qa,after,5,deepseek-ai/DeepSeek-V4-Flash-0731,28883,394,0,306,268,968,0,5447,5447,5944,29851,26,14453,65621,57344,8277,87.4
Q5,大兴安岭穿越路线,qa,after,6,deepseek-ai/DeepSeek-V4-Flash-0731,28883,394,0,306,268,968,0,0,0,5944,29851,167,14468,65794,65536,258,99.6
Q5,大兴安岭穿越路线,qa,after,7,deepseek-ai/DeepSeek-V4-Flash-0731,28883,394,0,306,268,968,0,6181,6181,5944,29851,27,25707,82453,49152,33301,59.6
Q5,大兴安岭穿越路线,qa,after,8,deepseek-ai/DeepSeek-V4-Flash-0731,28883,394,0,306,268,968,0,5691,5691,5944,29851,34,35418,97024,81920,15104,84.4
Q6,普拉多卫士H9对比,qa,before,1,deepseek-ai/DeepSeek-V4-Flash/Cluster-3,28654,14,9,0,486,509,2990,0,2990,5806,32153,27,202,49798,26624,23174,53.5
Q6,普拉多卫士H9对比,qa,after,1,deepseek-ai/DeepSeek-V4-Flash-0731,28883,394,0,306,268,968,0,6864,6864,5944,29851,26,10864,51403,0,51403,0.0
Q6,普拉多卫士H9对比,qa,before,2,deepseek-ai/DeepSeek-V4-Flash/Cluster-3,28654,14,9,0,486,509,2990,0,2990,5806,32153,27,284,49902,49152,750,98.5
Q6,普拉多卫士H9对比,qa,after,2,deepseek-ai/DeepSeek-V4-Flash-0731,28883,394,0,306,268,968,0,6864,6864,5944,29851,26,11115,51646,49152,2494,95.2
Q6,普拉多卫士H9对比,qa,before,3,deepseek-ai/DeepSeek-V4-Flash/Cluster-3,28654,14,9,0,486,509,2990,0,2990,5806,32153,34,1256,54729,24576,30153,44.9
Q6,普拉多卫士H9对比,qa,after,3,deepseek-ai/DeepSeek-V4-Flash-0731,28883,394,0,306,268,968,0,5869,5869,5944,29851,31,12572,58446,4096,54350,7.0
Q6,普拉多卫士H9对比,qa,before,4,deepseek-ai/DeepSeek-V4-Flash/Cluster-3,28654,14,9,0,486,509,2990,0,2990,5806,32153,34,1351,54846,53248,1598,97.1
Q6,普拉多卫士H9对比,qa,after,4,deepseek-ai/DeepSeek-V4-Flash-0731,28883,394,0,306,268,968,0,0,0,5944,29851,169,12587,58621,57344,1277,97.8
Q6,普拉多卫士H9对比,qa,before,5,deepseek-ai/DeepSeek-V4-Flash/Cluster-3,28654,14,9,0,486,509,2990,0,2990,5806,32153,34,1459,57274,36864,20410,64.4
Q6,普拉多卫士H9对比,qa,after,5,deepseek-ai/DeepSeek-V4-Flash-0731,28883,394,0,306,268,968,0,5447,5447,5944,29851,26,14453,65621,57344,8277,87.4
Q6,普拉多卫士H9对比,qa,before,6,deepseek-ai/DeepSeek-V4-Flash/Cluster-3,28654,14,9,0,486,509,2990,0,2990,5806,32153,37,19424,58117,24576,33541,42.3
Q6,普拉多卫士H9对比,qa,after,6,deepseek-ai/DeepSeek-V4-Flash-0731,28883,394,0,306,268,968,0,0,0,5944,29851,167,14468,65794,65536,258,99.6
Q6,普拉多卫士H9对比,qa,after,7,deepseek-ai/DeepSeek-V4-Flash-0731,28883,394,0,306,268,968,0,6181,6181,5944,29851,27,25707,82453,49152,33301,59.6
Q6,普拉多卫士H9对比,qa,after,8,deepseek-ai/DeepSeek-V4-Flash-0731,28883,394,0,306,268,968,0,5691,5691,5944,29851,34,35418,97024,81920,15104,84.4
Q6,普拉多卫士H9对比,qa,after,9,deepseek-ai/DeepSeek-V4-Flash-0731,28883,394,0,306,268,968,0,5691,5691,5944,29851,34,40314,101538,94208,7330,92.8
Q8,我有个好朋友闹别扭,chat,before,1,deepseek-ai/DeepSeek-V4-Flash-0731,28654,14,9,0,235,258,3154,0,3154,5806,32066,30,102,44094,24576,19518,55.7
Q8,我有个好朋友闹别扭,chat,after,1,deepseek-ai/DeepSeek-V4-Flash-0731,28883,394,0,306,268,968,0,3979,3979,5944,29851,30,5597,43188,0,43188,0.0
Q9,感觉他对我不好,chat,before,1,deepseek-ai/DeepSeek-V4-Flash-0731,28654,14,9,0,235,258,2802,0,2802,5806,31714,30,102,44094,24576,19518,55.7
Q9,感觉他对我不好,chat,after,1,deepseek-ai/DeepSeek-V4-Flash-0731,28883,394,0,306,268,968,0,3979,3979,5944,29851,30,5597,43188,0,43188,0.0
Q9,感觉他对我不好,chat,before,2,deepseek-ai/DeepSeek-V4-Flash-0731,28654,14,9,0,235,258,2802,0,2802,5806,31714,37,318,43206,24576,18630,56.9
Q9,感觉他对我不好,chat,after,2,deepseek-ai/DeepSeek-V4-Flash-0731,28883,394,0,306,268,968,0,5438,5438,5944,29851,37,5704,48474,40960,7514,84.5
Q9,感觉他对我不好,chat,before,3,deepseek-ai/DeepSeek-V4-Flash-0731,28654,14,9,0,235,258,2802,0,2802,5806,31714,26,615,38553,24576,13977,63.7
Q10,不和他玩了,chat,before,1,deepseek-ai/DeepSeek-V4-Flash-0731,28654,14,9,0,235,258,2808,0,2808,5806,31720,30,102,44094,24576,19518,55.7
Q10,不和他玩了,chat,after,1,deepseek-ai/DeepSeek-V4-Flash-0731,28883,394,0,306,268,968,0,3979,3979,5944,29851,30,5597,43188,0,43188,0.0
Q10,不和他玩了,chat,before,2,deepseek-ai/DeepSeek-V4-Flash-0731,28654,14,9,0,235,258,2808,0,2808,5806,31720,37,318,43206,24576,18630,56.9
Q10,不和他玩了,chat,after,2,deepseek-ai/DeepSeek-V4-Flash-0731,28883,394,0,306,268,968,0,5438,5438,5944,29851,37,5704,48474,40960,7514,84.5
Q10,不和他玩了,chat,before,3,deepseek-ai/DeepSeek-V4-Flash-0731,28654,14,9,0,235,258,2808,0,2808,5806,31720,26,615,38553,24576,13977,63.7
Q10,不和他玩了,chat,after,3,deepseek-ai/DeepSeek-V4-Flash-0731,28883,394,0,306,268,968,0,4511,4511,5944,29851,26,5969,52972,45056,7916,85.1
Q10,不和他玩了,chat,before,4,deepseek-ai/DeepSeek-V4-Flash-0731,28654,14,9,0,235,258,2808,0,2808,5806,31720,26,745,38677,36864,1813,95.3
Q11,自己玩自己的,chat,before,1,deepseek-ai/DeepSeek-V4-Flash-0731,28654,14,9,0,235,258,3068,0,3068,5806,31980,30,102,44094,24576,19518,55.7
Q11,自己玩自己的,chat,after,1,deepseek-ai/DeepSeek-V4-Flash-0731,28883,394,0,306,268,968,0,3979,3979,5944,29851,30,5597,43188,0,43188,0.0
Q11,自己玩自己的,chat,before,2,deepseek-ai/DeepSeek-V4-Flash-0731,28654,14,9,0,235,258,3068,0,3068,5806,31980,37,318,43206,24576,18630,56.9
Q11,自己玩自己的,chat,after,2,deepseek-ai/DeepSeek-V4-Flash-0731,28883,394,0,306,268,968,0,5438,5438,5944,29851,37,5704,48474,40960,7514,84.5
Q11,自己玩自己的,chat,before,3,deepseek-ai/DeepSeek-V4-Flash-0731,28654,14,9,0,235,258,3068,0,3068,5806,31980,26,615,38553,24576,13977,63.7
Q11,自己玩自己的,chat,after,3,deepseek-ai/DeepSeek-V4-Flash-0731,28883,394,0,306,268,968,0,4511,4511,5944,29851,26,5969,52972,45056,7916,85.1
Q11,自己玩自己的,chat,before,4,deepseek-ai/DeepSeek-V4-Flash-0731,28654,14,9,0,235,258,3068,0,3068,5806,31980,26,745,38677,36864,1813,95.3
Q11,自己玩自己的,chat,after,4,deepseek-ai/DeepSeek-V4-Flash-0731,28883,394,0,306,268,968,0,4830,4830,5944,29851,30,6226,57756,49152,8604,85.1
Q11,自己玩自己的,chat,before,5,deepseek-ai/DeepSeek-V4-Flash/Cluster-3,28654,14,9,0,235,258,3068,0,3068,5806,31980,30,912,38986,26624,12362,68.3
