ID	模块	长度	变化行为(当前 → 目标)	状态 / 备注
M1	Tools(12 个)	5.9K	每 Q 被连带白算 → 全网命中	实测→已定 上线后另见 5.7K 变体,取哪个待定
M2	SP·固定(14 段)	28.9K	命中 → 命中;当前断点恒停在它末尾(K2)	实测 14 段逐段 token 拆分待定(只有 chars)
M3	SP·预置 skill(15 个 desc)	~4.5K(15 个)--确认是否预置？？？	新增段,全网命中	已定→估算 N=15 已定;4.5K 按 .3K/条估,名单与实测总长待定
M4	SP·会话级	1.5K	会话内不变;每会话首调算一次	实测 user.md 占位 / 私域原则 / device / 记忆快照;目标 = .39 + .31 + .27(上线后实测 968 tok)+ 记忆快照待定
M5	UAT·历史 10 轮	7K （任务 9.8 / 问答 10.7 / 闲聊 0.1）	被连带白算 → 每会话首调算一次	实测→待定 CSV 该列跨行不自洽(同一次调用 9 825 vs 94);闲聊 6K 未归段(M11)疑为此项
M6	UAT·U(query)	35 tok	新增必算	实测 22–51 tok
M7	UAT-U：动态上下文(skills 引用 / memory / knowledge)	2K	每 Q 原位重写 → 只追加变化(增量 ≤2K)	实测→待定 ≤2K 为 v7.2 假设;上线后未预置前实测 4.0–6.9K(附录 A),预置 15 个后需重测
M8	UAT-A(tool call)	任务 0.1–8.3K;问答 0.75–1.6K上线后 webSearch 9.7–11K	新增必算,两边相同	实测 闲聊实测 ~0.25K/轮;问答 / 任务并入 M9
M9	UAT-T(工具 / 检索结果)		新增必算,两边相同;决定沉淀速率	实测→待定 离散大:问答本会话 0.75–1.6K,上线后 webSearch 9.7–11K;P7 沉淀系数 10.5 / .25 / 3.5 待定
